Workbook
Name Highland_Creek: Helper!$D$3:$D$5
Name Skybrook: Helper!$C$3:$C$5

Sheet Scores 2024
M1: Tiebreaker
B2: Name | D2: Week 1 | E2: Week 2 | F2: Week 3 | G2: Week 4 | H2: Week 5 | I2: Week 6 | J2: Week 7 | K2: Week 8 | L2: League Total Score | M2: Match Record
A3: 1 | B3: Timothy Hunter | C3: Match Points | D3: 8 | E3: 3.5 | F3: 4.5 | G3: 7 | H3: 6 | L3: =SUM(D3:K3) | M3: =COUNTIF(D3:K3,">=4.5")&"-"&COUNTIF(D3:K3,"<4")&"-"&COUNTIF(D3:K3,"=4")
A4: 2 | B4: John Thorton | C4: Match Points | D4: 0 | E4: 2 | F4: 7 | G4: 2 | H4: 0 | L4: =SUM(D4:K4) | M4: =COUNTIF(D4:K4,">=4.5")&"-"&COUNTIF(D4:K4,"<4")&"-"&COUNTIF(D4:K4,"=4")
A5: 3 | B5: Vince Frasco | C5: Match Points | E5: 4.5 | F5: 1 | G5: 3 | H5: 3.5 | I5: 7 | L5: =SUM(D5:K5) | M5: =COUNTIF(D5:K5,">=4.5")&"-"&COUNTIF(D5:K5,"<4")&"-"&COUNTIF(D5:K5,"=4")
A6: 4 | B6: Michael Anukwuem | C6: Match Points | E6: 6 | F6: 3.5 | G6: 5 | H6: 8 | L6: =SUM(D6:K6) | M6: =COUNTIF(D6:K6,">=4.5")&"-"&COUNTIF(D6:K6,"<4")&"-"&COUNTIF(D6:K6,"=4")
A7: 5 | B7: Marshall Thompson | C7: Match Points | D7: 6 | E7: 6 | F7: 4 | G7: 1 | H7: 8 | I7: 1 | L7: =SUM(D7:K7) | M7: =COUNTIF(D7:K7,">=4.5")&"-"&COUNTIF(D7:K7,"<4")&"-"&COUNTIF(D7:K7,"=4")
A8: 6 | B8: Stephen Keeler | C8: Match Points | D8: 2 | E8: 2 | F8: 1 | G8: 3 | H8: 2 | L8: =SUM(D8:K8) | M8: =COUNTIF(D8:K8,">=4.5")&"-"&COUNTIF(D8:K8,"<4")&"-"&COUNTIF(D8:K8,"=4")
A9: 7 | B9: Ethan High | C9: Match Points | D9: 2.5 | E9: 2 | F9: 7 | G9: 6 | L9: =SUM(D9:K9) | M9: =COUNTIF(D9:K9,">=4.5")&"-"&COUNTIF(D9:K9,"<4")&"-"&COUNTIF(D9:K9,"=4")
A10: 8 | B10: David Hughes | C10: Match Points | D10: 5.5 | E10: 6 | F10: 4 | G10: 6 | I10: 2 | L10: =SUM(D10:K10) | M10: =COUNTIF(D10:K10,">=4.5")&"-"&COUNTIF(D10:K10,"<4")&"-"&COUNTIF(D10:K10,"=4")
A11: 9 | B11: Edward Plasket | C11: Match Points | D11: 5 | E11: 6 | F11: 6 | G11: 6 | H11: 5 | L11: =SUM(D11:K11) | M11: =COUNTIF(D11:K11,">=4.5")&"-"&COUNTIF(D11:K11,"<4")&"-"&COUNTIF(D11:K11,"=4")
A12: 10 | B12: JD DeCaprio | C12: Match Points | D12: 3 | E12: 1 | F12: 1 | G12: 5 | H12: 4 | I12: 3 | L12: =SUM(D12:K12) | M12: =COUNTIF(D12:K12,">=4.5")&"-"&COUNTIF(D12:K12,"<4")&"-"&COUNTIF(D12:K12,"=4")
A13: 11 | B13: Pete Litterini | C13: Match Points | D13: 2 | E13: 2 | F13: 7 | G13: 5 | L13: =SUM(D13:K13) | M13: =COUNTIF(D13:K13,">=4.5")&"-"&COUNTIF(D13:K13,"<4")&"-"&COUNTIF(D13:K13,"=4")
A14: 12 | B14: Bruce Dubovecky | C14: Match Points | D14: 6 | E14: 7 | F14: 2 | G14: 3 | H14: 4.5 | L14: =SUM(D14:K14) | M14: =COUNTIF(D14:K14,">=4.5")&"-"&COUNTIF(D14:K14,"<4")&"-"&COUNTIF(D14:K14,"=4")
A15: 13 | B15: Brandon Sizemore | C15: Match Points | D15: 3 | E15: 6 | F15: 0 | G15: 2.5 | H15: 0 | L15: =SUM(D15:K15) | M15: =COUNTIF(D15:K15,">=4.5")&"-"&COUNTIF(D15:K15,"<4")&"-"&COUNTIF(D15:K15,"=4")
A16: 14 | B16: Mike Rider | C16: Match Points | D16: 5 | E16: 4 | F16: 6 | G16: 5 | I16: 6 | L16: =SUM(D16:K16) | M16: =COUNTIF(D16:K16,">=4.5")&"-"&COUNTIF(D16:K16,"<4")&"-"&COUNTIF(D16:K16,"=4")
A17: 15 | B17: Kevin Edwards | C17: Match Points | D17: 3.5 | E17: 2 | F17: 1 | G17: 2 | L17: =SUM(D17:K17) | M17: =COUNTIF(D17:K17,">=4.5")&"-"&COUNTIF(D17:K17,"<4")&"-"&COUNTIF(D17:K17,"=4")
A18: 16 | B18: William Bembenek | C18: Match Points | D18: 4.5 | E18: 7 | F18: 8 | G18: 2 | H18: 3 | I18: 5 | L18: =SUM(D18:K18) | M18: =COUNTIF(D18:K18,">=4.5")&"-"&COUNTIF(D18:K18,"<4")&"-"&COUNTIF(D18:K18,"=4")
A19: 17 | B19: Brian Babecki | C19: Match Points | D19: 7 | E19: 4 | F19: 7 | G19: 5.5 | H19: 4 | L19: =SUM(D19:K19) | M19: =COUNTIF(D19:K19,">=4.5")&"-"&COUNTIF(D19:K19,"<4")&"-"&COUNTIF(D19:K19,"=4")
A20: 18 | B20: Ariana Smith | C20: Match Points | D20: 1 | E20: 1 | F20: 2 | G20: 3 | L20: =SUM(D20:K20) | M20: =COUNTIF(D20:K20,">=4.5")&"-"&COUNTIF(D20:K20,"<4")&"-"&COUNTIF(D20:K20,"=4")

Sheet Sep 2 - 13th
A1: 2024 Bechtel Golf League Schedule Tee Time
A2: TEE TIME | B2: 45537 | C2: 45538 | D2: 45539 | E2: 45540 | F2: 45541 | G2: 45542 | H2: 45543 | I2: 45544 | J2: 45545 | K2: 45546 | L2: 45547 | M2: 45548
A3: 0.66666667 | D3: 3 vs 11
A4: 0.67361111
A5: 0.68055556 | D5: 7 vs 15, 2 vs 9 (makeup from Aug 19-30th)
A6: 0.6875 | I6: 4 vs 13, 9 v 16
A7: 0.69444444 | E7: 4 vs 12 (makeup) booked for 4 if any group wants to join us.
A8: 0.70138889
A9: 0.70833333
A10: 0.71527778
A11: 0.72222222
A12: 0.72916667
A13: 0.73611111
A14: 0.74305556
A15: 0.75

Sheet July 22 - Aug 2nd
A1: 2024 Bechtel Golf League Schedule Tee Time
A2: TEE TIME | B2: 45495 | C2: 45496 | D2: 45497 | E2: 45498 | F2: 45499 | G2: 45500 | H2: 45501 | I2: 45502 | J2: 45503 | K2: 45504 | L2: 45505 | M2: 45506
A3: 0.66666667 | J3: 9 vs. 11, 1 vs 3
A4: 0.67361111
A5: 0.68055556
A6: 0.6875 | D6: 6 vs 8 & 14 vs 17 | K6: 13 vs 15
A7: 0.69444444 | C7: 5 vs 7, 10 vs 12 | E7: 2 vs 4
A8: 0.70138889
A9: 0.70833333
A10: 0.71527778
A11: 0.72222222
A12: 0.72916667
A13: 0.73611111
A14: 0.74305556
A15: 0.75

Sheet Aug 5 - 16th
A1: 2024 Bechtel Golf League Schedule Tee Time
A2: TEE TIME | B2: 45509 | C2: 45510 | D2: 45511 | E2: 45512 | F2: 45513 | G2: 45514 | H2: 45515 | I2: 45516 | J2: 45517 | K2: 45518 | L2: 45519 | M2: 45520
A3: 0.66666667 | K3: 10 vs 11
A4: 0.67361111
A5: 0.68055556 | J5: 9 vs. 12
A6: 0.6875 | J6: 5 vs 8 6 vs 7
A7: 0.69444444 | C7: 16 vs 18 (makeup from 7/22-8/2) | J7: 13 vs. 16 14 vs. 18
A8: 0.70138889
A9: 0.70833333
A10: 0.71527778
A11: 0.72222222
A12: 0.72916667
A13: 0.73611111
A14: 0.74305556
A15: 0.75

Sheet Aug 19 - 30th
A1: 2024 Bechtel Golf League Schedule Tee Time
A2: TEE TIME | B2: 45523 | C2: 45524 | D2: 45525 | E2: 45526 | F2: 45527 | G2: 45528 | H2: 45529 | I2: 45530 | J2: 45531 | K2: 45532 | L2: 45533 | M2: 45534
A3: 0.66666667
A4: 0.67361111
A5: 0.68055556
A6: 0.6875 | B6: 15 vs.17 (makeup from August 5th to 16th) | C6: 18 vs 10 | E6: 8 vs 16
A7: 0.69444444 | D7: 1 vs 4 (makeup from Aug 5-16th) | K7: 1 vs 5
A8: 0.70138889
A9: 0.70833333
A10: 0.71527778
A11: 0.72222222
A12: 0.72916667
A13: 0.73611111
A14: 0.74305556
A15: 0.75

Sheet Schedule
B1: 2026 iCON Golf League Schedule
B2: Round 1 | C2: Round 2 | D2: Round 3 | E2: Round 4 | F2: Round 5 | G2: Round 6 | H2: Round 7 | I2: Round 8 | J2: Round 9 | M2: Finished Matchups
A3: Dates | B3: April 20th - May 1st | C3: May 4th - May 15th | D3: May 18th - May 29th | E3: June 1st - June 12th | F3: June 15th - June 26th | G3: June 29th - July 10th | H3: July 13th - July 24th | I3: July 27th - August 7th | J3: Aug. 10th - Aug. 21st | M3: Makeup Match
B4: 1 vs 2 | C4: 1 vs 3 | D4: 1 vs 4 | E4: 1 vs 5 | F4: 4 vs 5 | G4: 1 vs 8 | H4: 1 vs 10 | I4: 1 vs 6 | J4: 1 vs 9
B5: 3 vs 4 | C5: 2 vs 4 | D5: 2 vs 5 | E5: 2 vs 7 | F5: 6 vs 7 | G5: 2 vs 3 | H5: 2 vs 11 | I5: 2 vs 8 | J5: 2 vs 6
B6: 5 vs 6 | C6: 5 vs 7 | D6: 3 vs 6 | E6: 3 vs 8 | F6: 8 vs 9 | G6: 7 vs 10 | H6: 3 vs 12 | I6: 3 vs 5 | J6: 3 vs 7
B7: 7 vs 8 | C7: 6 vs 8 | D7: 7 vs 13 | E7: 4 vs 6 | F7: 10 vs 11 | G7: 9 vs 11 | H7: 4 vs 15 | I7: 4 vs 14 | J7: 4 vs 8
B8: 9 vs 10 | C8: 9 vs 12 | D8: 8 vs 15 | E8: 9 vs 13 | F8: 12 vs 15 | G8: 12 vs 14 | H8: 5 vs 14 | I8: 7 vs 11 | J8: 5 vs 12
B9: 12 vs 13 | C9: 10 vs 13 | D9: 9 vs 14 | E9: 10 vs 14 | F9: 13 vs 14 | G9: 13 vs 15 | H9: 6 vs 13 | I9: 9 vs 15 | J9: 10 vs 15
B10: 14 vs 15 | C10: 11 vs 14 | D10: 11 vs 12 | E10: 11 vs 15 | I10: 10 vs 12 | J10: 11 vs 13
A11: Byes | B11: 11 | C11: 15 | D11: 10 | E11: 12 | F11: 1, 2, 3 | G11: 4, 5, 6 | H11: 7, 8, 9 | I11: 13 | J11: 14
B14: # | C14: Players | D14: Handicaps | E14: Tees | F14: Paid?
B15: 1 | C15: Brian Wojcio | D15: 12 | E15: Mens
B16: 2 | C16: Ethan High | D16: 12 | E16: Mens | F16: Yes - Cash
B17: =B16+1 | C17: Rob Bass | D17: 15 | E17: Mens | F17: Yes - Cash
B18: =B17+1 | C18: Carson Bass | D18: 24 | E18: Mens | F18: Yes - Venmo
B19: =B18+1 | C19: Michael McHugh | D19: 25 | E19: Mens
B20: =B19+1 | C20: Bruce Atkins | D20: 24 | E20: Mens | F20: Yes - Venmo
B21: =B20+1 | C21: Alex Palmer | D21: 30 | E21: Mens | F21: Yes - Venmo
B22: =B21+1 | C22: Curtis Lynn | D22: 28 | E22: Mens | F22: Yes - Cash
B23: =B22+1 | C23: Preston Stoner | D23: 28 | E23: Mens | F23: Yes - Cash
B24: =B23+1 | C24: Charlotte Hayes | D24: 20 | E24: Mens | F24: Yes - Venmo
B25: =B24+1 | C25: David Maddox | D25: 36 | E25: Mens | F25: Yes - Venmo
B26: =B25+1 | C26: Jerome Martin | D26: 36 | E26: Mens | F26: Yes - Venmo
B27: =B26+1 | C27: Kaylan Adams | D27: 36 | E27: Mens | F27: Yes - Venmo
B28: =B27+1 | C28: Megan Serian | D28: 36 | E28: Womens | F28: Yes - Venmo
B29: =B28+1 | C29: Nick Coglianese | D29: 36 | E29: Mens

Sheet Course Info
P1: Reston National
P2: Round 1 | Q2: Round 2 | R2: Round 3 | S2: Round 4 | T2: Round 5 | U2: Round 6 | V2: Round 7 | W2: Round 8 | X2: Round 9 | Y2: Round 10 | Z2: Round 11 | AA2: Round 12 | AB2: Round 13 | AC2: Round 14 | AD2: Round 15 | AE2: Round 16 | AF2: Round 17 | AG2: Round 18 | AH2: Round 19 | AI2: Round 20
B3: Mens | C3: Slope | D3: Rating | F3: Name | G3: Tees | I3: USGA Initial | J3: Initial | K3: Initial Handicap | L3: Course Handicap | M3: Live Handicap | N3: Live Course | O3: Rounds Played | P3: Gross Score | Q3: Gross Score | R3: Gross Score | S3: Gross Score | T3: Gross Score | U3: Gross Score | V3: Gross Score | W3: Gross Score | X3: Gross Score | Y3: Gross Score | Z3: Gross Score | AA3: Gross Score | AB3: Gross Score | AC3: Gross Score | AD3: Gross Score | AE3: Gross Score | AF3: Gross Score | AG3: Gross Score | AH3: Gross Score | AI3: Gross Score
B4: Black | C4: 70.1 | D4: 130 | F4: Ethan | G4: =VLOOKUP($F4,Schedule!$C$15:$E$29,3) | H4: =VLOOKUP($F4,Schedule!$C$15:$E$29,4) | I4: 13 | J4: =I4+36 | K4: 13 | L4: {=_xlfn.IFS($G4="Mens",ROUNDUP($K4*(VLOOKUP($H4,$B$4:$D$7,3)/113),0),$G4="Womens",ROUNDUP($K4*(VLOOKUP($H4,$B$10:$D$12,3)/113),0))} | M4: {=ROUNDUP(_xlfn.IFS(O4<=$B$20,MIN(P6:AI6),AND(O4>=$B$21,O4<=$B$23),AVERAGE(SMALL(P6:AI6,{1,2})),AND(O4>=$B$24,O4<=$B$26),AVERAGE(SMALL(P6:AI6,{1,2,3})),AND(O4>=$B$27,O4<=$B$29),AVERAGE(SMALL(P6:AI6,{1,2,3,4})),AND(O4>=$B$30,O4<=$B$31),AVERAGE(SMALL(P6:AI6,{1,2,3,4,5})),AND(O4>=$B$32,O4<=$B$33),AVERAGE(SMALL(P6:AI6,{1,2,3,4,5,6})),AND(O4=$B$34),AVERAGE(SMALL(P6:AI6,{1,2,3,4,5,6,7})),AND(O4=$B$35),AVERAGE(SMALL(P6:AI6,{1,2,3,4,5,6,7,8})))+VLOOKUP(O4,$B$16:$D$35,3),0)} | N4: {=ROUNDUP(_xlfn.IFS($G4="Mens",ROUNDUP(M4*(VLOOKUP($H4,$B$4:$D$7,3)/113),1),$G4="Womens",ROUNDUP(M4*(VLOOKUP($H4,$B$10:$D$12,3)/113),1)),0)} | O4: =COUNT(P4:AI4) | P4: 48 | Q4: 49 | R4: 46 | S4: 48 | T4: 50 | U4: 48 | V4: 48 | W4: 48
B5: Blue | C5: 68.1 | D5: 126 | P5: USGA Diff. | Q5: USGA Diff. | R5: USGA Diff. | S5: USGA Diff. | T5: USGA Diff. | U5: USGA Diff. | V5: USGA Diff. | W5: USGA Diff. | X5: USGA Diff. | Y5: USGA Diff. | Z5: USGA Diff. | AA5: USGA Diff. | AB5: USGA Diff. | AC5: USGA Diff. | AD5: USGA Diff. | AE5: USGA Diff. | AF5: USGA Diff. | AG5: USGA Diff. | AH5: USGA Diff. | AI5: USGA Diff.
B6: Blue/White | C6: 65.5 | D6: 120 | P6: {=IF(P4="","",_xlfn.IFS($G4="Mens",(P4-(VLOOKUP($H4,$B$4:$D$7,2)/2))/VLOOKUP($H4,$B$4:$D$7,3)*113,$G4="Womens",(P4-(VLOOKUP($H4,$B$10:$D$12,2)/2))/VLOOKUP($H4,$B$10:$D$12,3)*113))} | Q6: {=IF(Q4="","",_xlfn.IFS($G4="Mens",(Q4-(VLOOKUP($H4,$B$4:$D$7,2)/2))/VLOOKUP($H4,$B$4:$D$7,3)*113,$G4="Womens",(Q4-(VLOOKUP($H4,$B$10:$D$12,2)/2))/VLOOKUP($H4,$B$10:$D$12,3)*113))} | R6: {=IF(R4="","",_xlfn.IFS($G4="Mens",(R4-(VLOOKUP($H4,$B$4:$D$7,2)/2))/VLOOKUP($H4,$B$4:$D$7,3)*113,$G4="Womens",(R4-(VLOOKUP($H4,$B$10:$D$12,2)/2))/VLOOKUP($H4,$B$10:$D$12,3)*113))} | S6: {=IF(S4="","",_xlfn.IFS($G4="Mens",(S4-(VLOOKUP($H4,$B$4:$D$7,2)/2))/VLOOKUP($H4,$B$4:$D$7,3)*113,$G4="Womens",(S4-(VLOOKUP($H4,$B$10:$D$12,2)/2))/VLOOKUP($H4,$B$10:$D$12,3)*113))} | T6: {=IF(T4="","",_xlfn.IFS($G4="Mens",(T4-(VLOOKUP($H4,$B$4:$D$7,2)/2))/VLOOKUP($H4,$B$4:$D$7,3)*113,$G4="Womens",(T4-(VLOOKUP($H4,$B$10:$D$12,2)/2))/VLOOKUP($H4,$B$10:$D$12,3)*113))} | U6: {=IF(U4="","",_xlfn.IFS($G4="Mens",(U4-(VLOOKUP($H4,$B$4:$D$7,2)/2))/VLOOKUP($H4,$B$4:$D$7,3)*113,$G4="Womens",(U4-(VLOOKUP($H4,$B$10:$D$12,2)/2))/VLOOKUP($H4,$B$10:$D$12,3)*113))} | V6: {=IF(V4="","",_xlfn.IFS($G4="Mens",(V4-(VLOOKUP($H4,$B$4:$D$7,2)/2))/VLOOKUP($H4,$B$4:$D$7,3)*113,$G4="Womens",(V4-(VLOOKUP($H4,$B$10:$D$12,2)/2))/VLOOKUP($H4,$B$10:$D$12,3)*113))} | W6: {=IF(W4="","",_xlfn.IFS($G4="Mens",(W4-(VLOOKUP($H4,$B$4:$D$7,2)/2))/VLOOKUP($H4,$B$4:$D$7,3)*113,$G4="Womens",(W4-(VLOOKUP($H4,$B$10:$D$12,2)/2))/VLOOKUP($H4,$B$10:$D$12,3)*113))} | ... AI6: {=IF(AI4="","",_xlfn.IFS($G4="Mens",(AI4-(VLOOKUP($H4,$B$4:$D$7,2)/2))/VLOOKUP($H4,$B$4:$D$7,3)*113,$G4="Womens",(AI4-(VLOOKUP($H4,$B$10:$D$12,2)/2))/VLOOKUP($H4,$B$10:$D$12,3)*113))}
B7: White | C7: 64 | D7: 116
B9: Womens | C9: Slope | D9: Rating
B10: Blue | C10: 73.4 | D10: 131
B11: Blue/White | C11: 70.2 | D11: 124
B12: White | C12: 68.3 | D12: 120
B15: # of Score Differentials | C15: Handicap Index Calculation | D15: Adjustment
B16: 1 | C16: Lowest differential | D16: -2
B17: 2 | C17: Lowest differential | D17: -2
B18: 3 | C18: Lowest differential | D18: -2
B19: 4 | C19: Lowest differential | D19: -1
B20: 5 | C20: Lowest differential | D20: 0
B21: 6 | C21: Average of lowest 2 | D21: -1
B22: 7 | C22: Average of lowest 2 | D22: 0
B23: 8 | C23: Average of lowest 2 | D23: 0
B24: 9 | C24: Average of lowest 3 | D24: 0
B25: 10 | C25: Average of lowest 3 | D25: 0
B26: 11 | C26: Average of lowest 3 | D26: 0
B27: 12 | C27: Average of lowest 4 | D27: 0
... B35: 20 | C35: Average of lowest 8 | D35: 0
B38: 1-5 | C38: =IF(O4<=$B$20,MIN(P6:AI6),"N/A")
B39: 6-8 | C39: {=IF(AND(O4>=$B$21,O4<=$B$23),AVERAGE(SMALL(P6:AI6,{1,2})),"N/A")}
B40: 9-11 | C40: {=IF(AND(O4>=$B$24,O4<=$B$26),AVERAGE(SMALL(P6:AI6,{1,2,3})),"N/A")}
B41: 12-14 | C41: {=IF(AND(O4>=$B$27,O4<=$B$29),AVERAGE(SMALL(P6:AI6,{1,2,3,4})),"N/A")}
B42: 15-16 | C42: {=IF(AND(O4>=$B$30,O4<=$B$31),AVERAGE(SMALL(P6:AI6,{1,2,3,4,5})),"N/A")}
B43: 17-18 | C43: {=IF(AND(O4>=$B$32,O4<=$B$33),AVERAGE(SMALL(P6:AI6,{1,2,3,4,5,6})),"N/A")}
B44: 19 | C44: {=IF(AND(O4=$B$34),AVERAGE(SMALL(P6:AI6,{1,2,3,4,5,6,7})),"N/A")}
B45: 20 | C45: {=IF(AND(O4=$B$35),AVERAGE(SMALL(P6:AI6,{1,2,3,4,5,6,7,8})),"N/A")}
B46: Adjustment | C46: =VLOOKUP(O4,$B$16:$D$35,3)

Sheet Scores 2026
N1: Tiebreakers
B2: Name | D2: Round 1 | E2: Round 2 | F2: Round 3 | G2: Round 4 | H2: Round 5 | I2: Round 6 | J2: Round 7 | K2: Round 8 | L2: Round 9 | M2: League Total Score | N2: Match Record | O2: Average NET Score
A3: 1 | B3: =Schedule!C15 | C3: Match Points | D3: 2 | E3: 4 | F3: 8 | G3: 3.5 | M3: 17.5 | N3: 1-2-1 | O3: 39 | Q3: Playoffs
C4: NET Score | D4: 43 | E4: 40 | F4: 34 | G4: 39 | Q4: Seed | R4: Player | S4: Total Score
A5: 2 | B5: =Schedule!C16 | C5: Match Points | D5: 6 | E5: 7 | F5: 7 | G5: 7 | I5: 5 | K5: 7 | M5: 39 | N5: 6-0-0 | O5: 37 | Q5: 1
C6: NET Score | D6: 39 | E6: 36 | F6: 35 | G6: 42 | I6: 37 | K6: 33 | Q6: 2
A7: 3 | B7: =Schedule!C17 | C7: Match Points | D7: 1 | E7: 4 | I7: 3 | M7: 8 | N7: 0-2-1 | O7: 40 | Q7: 3
C8: NET Score | D8: 43 | E8: 39 | I8: 38 | Q8: 4
A9: 4 | B9: =Schedule!C18 | C9: Match Points | D9: 7 | E9: 1 | F9: 0 | G9: 5 | M9: 13 | N9: 2-2-0 | O9: 41.5
C10: NET Score | D10: 38 | E10: 47 | F10: 47 | G10: 34 | R10: Playoff Matchups
A11: 5 | B11: =Schedule!C19 | C11: Match Points | D11: 0 | E11: 6 | F11: 1 | G11: 4.5 | M11: 11.5 | N11: 2-2-0 | O11: 43 | R11: Front 9 | S11: Back 9
C12: NET Score | D12: 46 | E12: 43 | F12: 43 | G12: 40 | R12: 1 vs 4 | S12: Winner of each
A13: 6 | B13: =Schedule!C20 | C13: Match Points | D13: 8 | E13: 2 | M13: 10 | N13: 1-1-0 | O13: 36 | R13: 2 vs 3 | S13: Loser of each
C14: NET Score | D14: 33 | E14: 39
A15: 7 | B15: =Schedule!C21 | C15: Match Points | D15: 1 | E15: 2 | F15: 7 | G15: 1 | H15: 1 | I15: 1 | M15: 13 | N15: 1-5-0 | O15: 46.8
C16: NET Score | D16: 48 | E16: 49 | F16: 39 | G16: 49 | H16: 48 | I16: 48
A17: 8 | B17: =Schedule!C22 | C17: Match Points | D17: 7 | E17: 6 | F17: 8 | H17: 8 | K17: 1 | L17: 7 | M17: 37 | N17: 5-1-0 | O17: 36.7 | Q17: Tiebreaker Rules
C18: NET Score | D18: 37 | E18: 38 | F18: 37 | H18: 35 | K18: 40 | L18: 33 | Q18: 1. Highest overall match wins. A match win means you scored 4.5 points or more against your opponent. 4 points will be considered a draw.
A19: 9 | B19: =Schedule!C23 | C19: Match Points | D19: 2 | E19: 8 | F19: 4.5 | G19: 8 | H19: 0 | M19: 22.5 | N19: 3-2-0 | O19: 39.8 | Q19: 2. Lowest average NET score for all 8 matches.
C20: NET Score | D20: 39 | E20: 36 | F20: 42 | G20: 38 | H20: 44 | Q20: 3. Lowest Round 8 NET score.
A21: 10 | B21: =Schedule!C24 | C21: Match Points | D21: 6 | E21: 8 | G21: 8 | I21: 7 | K21: 6 | M21: 35 | N21: 5-0-0 | O21: 38.6 | Q21: 4. Coin Flip or however the two parties wish to settle it.
C22: NET Score | D22: 35 | E22: 42 | G22: 41 | I22: 36 | K22: 39
A23: 11 | B23: =Schedule!C25 | C23: Match Points | E23: 8 | F23: 7 | G23: 4 | M23: 19 | N23: 2-0-1 | O23: 46
C24: NET Score | E24: 43 | F24: 52 | G24: 43
A25: 12 | B25: =Schedule!C26 | C25: Match Points | D25: 4 | E25: 0 | F25: 1 | H25: 6 | K25: 2 | M25: 13 | N25: 1-3-1 | O25: 52.8
C26: NET Score | D26: 54 | E26: 54 | F26: 54 | H26: 52 | K26: 50
A27: 13 | B27: =Schedule!C27 | C27: Match Points | D27: 4 | E27: 0 | F27: 1 | G27: 0 | H27: 7 | I27: 2 | M27: 14 | N27: 1-4-1 | O27: 51.2
C28: NET Score | D28: 54 | E28: 51 | F28: 54 | G28: 50 | H28: 48 | I28: 50
A29: 14 | B29: =Schedule!C28 | C29: Match Points | D29: 7 | E29: 0 | F29: 3.5 | G29: 0 | H29: 1 | M29: 11.5 | N29: 1-4-0 | O29: 50.2
C30: NET Score | D30: 50 | E30: 52 | F30: 43 | G30: 54 | H30: 52
A31: 15 | B31: =Schedule!C29 | C31: Match Points | D31: 1 | F31: 0 | G31: 4 | H31: 2 | I31: 6 | M31: 13 | N31: 1-3-1 | O31: 49.8
C32: NET Score | D32: 53 | F32: 54 | G32: 43 | H32: 54 | I32: 45

Sheet Calculator (old)
B1: Fill in your name, tees, front/back 9, and gross scores in the grey boxes | J1: Points
D2: First 3 | E2: Middle 3 | F2: Final 3 | G2: Overall | H2: Net Score | J2: =B8 | L2: =B17 | AA2: # | AB2: Full Name | AC2: First Name | AD2: Last Name | AE2: HC
B3: =B8 | C3: Holes Won | D3: =SUM(C15:E15) | E3: =SUM(F15:H15) | F3: =SUM(I15:K15) | G3: =SUM(C15:K15) | H3: =SUM(C14:K14) | J3: =SUM(D4:H4) | L3: =SUM(D6:H6) | AA3: 13 | AB3: Brandon Sizemore | AC3: =LEFT(AB3,SEARCH(" ",AB3)-1) | AD3: =RIGHT(AB3,LEN(AB3)-SEARCH(" ",AB3)) | AE3: 25
C4: PTS | D4: =IF(D3>D5,2,IF(D3=D5,1,0)) | E4: =IF(E3>E5,2,IF(E3=E5,1,0)) | F4: =IF(F3>F5,2,IF(F3=F5,1,0)) | G4: =IF(G3>G5,1,IF(G3=G5,0.5,0)) | H4: =IF(H3<H5,1,IF(H3=H5,0.5,0)) | AA4: 17 | AB4: Brian Babecki | AC4: =LEFT(AB4,SEARCH(" ",AB4)-1) | AD4: =RIGHT(AB4,LEN(AB4)-SEARCH(" ",AB4)) | AE4: 30
B5: =B17 | C5: Holes Won | D5: =SUM(C24:E24) | E5: =SUM(F24:H24) | F5: =SUM(I24:K24) | G5: =SUM(C24:K24) | H5: =SUM(C23:K23) | AA5: 4 | AB5: Brian Bencal | AC5: =LEFT(AB5,SEARCH(" ",AB5)-1) | AD5: =RIGHT(AB5,LEN(AB5)-SEARCH(" ",AB5)) | AE5: 14
C6: PTS | D6: =IF(D5>D3,2,IF(D5=D3,1,0)) | E6: =IF(E5>E3,2,IF(E5=E3,1,0)) | F6: =IF(F5>F3,2,IF(F5=F3,1,0)) | G6: =IF(G5>G3,1,IF(G5=G3,0.5,0)) | H6: =IF(H5<H3,1,IF(H5=H3,0.5,0)) | AA6: 11 | AB6: Bruce Dubovecky | AC6: =LEFT(AB6,SEARCH(" ",AB6)-1) | AD6: =RIGHT(AB6,LEN(AB6)-SEARCH(" ",AB6)) | AE6: 21
AA7: 5 | AB7: David Hughes | AC7: =LEFT(AB7,SEARCH(" ",AB7)-1) | AD7: =RIGHT(AB7,LEN(AB7)-SEARCH(" ",AB7)) | AE7: 14
B8: Ethan High | C8: Handicap: | D8: =IFERROR(VLOOKUP(B8,$AB$3:$AE$21,4,0),0) | F8: Tees: | G8: Black | I8: Holes: | J8: Front 9 | O8: HC's by Tees | P8: Front 9 | AA8: 6 | AB8: Edward Plasket | AC8: =LEFT(AB8,SEARCH(" ",AB8)-1) | AD8: =RIGHT(AB8,LEN(AB8)-SEARCH(" ",AB8)) | AE8: 14
B9: HOLE | C9: 1 | D9: 2 | E9: 3 | F9: 4 | G9: 5 | H9: 6 | I9: 7 | J9: 8 | K9: 9 | O9: Black | P9: 1 | Q9: 9 | R9: 7 | S9: 13 | T9: 15 | U9: 5 | V9: 11 | W9: 3 | X9: 17 | AA9: 7 | AB9: Ethan High | AC9: =LEFT(AB9,SEARCH(" ",AB9)-1) | AD9: =RIGHT(AB9,LEN(AB9)-SEARCH(" ",AB9)) | AE9: 15
B10: PAR | C10: 4 | D10: 5 | E10: 3 | F10: 4 | G10: 5 | H10: 3 | I10: 4 | J10: 4 | K10: 4 | L10: =SUM(C10:K10) | O10: Blue | P10: 1 | Q10: 9 | R10: 7 | S10: 13 | T10: 15 | U10: 5 | V10: 11 | W10: 3 | X10: 17 | AA10: 15 | AB10: JD DeCaprio | AC10: =LEFT(AB10,SEARCH(" ",AB10)-1) | AD10: =RIGHT(AB10,LEN(AB10)-SEARCH(" ",AB10)) | AE10: 26
B11: HC | C11: {=_xlfn.IFS($J8="Back 9",VLOOKUP($G8,$O$15:$X$18,COLUMN()-1,0),$J8="Front 9",VLOOKUP($G8,$O$9:$X$12,COLUMN()-1,0))} | D11: {=_xlfn.IFS($J8="Back 9",VLOOKUP($G8,$O$15:$X$18,COLUMN()-1,0),$J8="Front 9",VLOOKUP($G8,$O$9:$X$12,COLUMN()-1,0))} | E11: {=_xlfn.IFS($J8="Back 9",VLOOKUP($G8,$O$15:$X$18,COLUMN()-1,0),$J8="Front 9",VLOOKUP($G8,$O$9:$X$12,COLUMN()-1,0))} | F11: {=_xlfn.IFS($J8="Back 9",VLOOKUP($G8,$O$15:$X$18,COLUMN()-1,0),$J8="Front 9",VLOOKUP($G8,$O$9:$X$12,COLUMN()-1,0))} | G11: {=_xlfn.IFS($J8="Back 9",VLOOKUP($G8,$O$15:$X$18,COLUMN()-1,0),$J8="Front 9",VLOOKUP($G8,$O$9:$X$12,COLUMN()-1,0))} | H11: {=_xlfn.IFS($J8="Back 9",VLOOKUP($G8,$O$15:$X$18,COLUMN()-1,0),$J8="Front 9",VLOOKUP($G8,$O$9:$X$12,COLUMN()-1,0))} | I11: {=_xlfn.IFS($J8="Back 9",VLOOKUP($G8,$O$15:$X$18,COLUMN()-1,0),$J8="Front 9",VLOOKUP($G8,$O$9:$X$12,COLUMN()-1,0))} | J11: {=_xlfn.IFS($J8="Back 9",VLOOKUP($G8,$O$15:$X$18,COLUMN()-1,0),$J8="Front 9",VLOOKUP($G8,$O$9:$X$12,COLUMN()-1,0))} | K11: {=_xlfn.IFS($J8="Back 9",VLOOKUP($G8,$O$15:$X$18,COLUMN()-1,0),$J8="Front 9",VLOOKUP($G8,$O$9:$X$12,COLUMN()-1,0))} | O11: Blue / White | P11: 3 | Q11: 7 | R11: 13 | S11: 17 | T11: 15 | U11: 1 | V11: 11 | W11: 5 | X11: 9 | AA11: 18 | AB11: Katherine Plasket | AC11: =LEFT(AB11,SEARCH(" ",AB11)-1) | AD11: =RIGHT(AB11,LEN(AB11)-SEARCH(" ",AB11)) | AE11: 36
B12: GROSS | C12: 5 | D12: 6 | E12: 4 | F12: 5 | G12: 6 | H12: 4 | I12: 5 | J12: 5 | K12: 5 | L12: =SUM(C12:K12) | M12: =SUM(C12:K12)-SUM(C$10:K$10) | O12: White | P12: 1 | Q12: 7 | R12: 11 | S12: 13 | T12: 15 | U12: 9 | V12: 17 | W12: 3 | X12: 5 | AA12: 14 | AB12: Kevin Edwards | AC12: =LEFT(AB12,SEARCH(" ",AB12)-1) | AD12: =RIGHT(AB12,LEN(AB12)-SEARCH(" ",AB12)) | AE12: 25
B13: Strokes | C13: 5 | D13: 6 | E13: 4 | F13: 5 | G13: 6 | H13: 4 | I13: 5 | J13: 5 | K13: 5 | AA13: 8 | AB13: Marshall Thompson | AC13: =LEFT(AB13,SEARCH(" ",AB13)-1) | AD13: =RIGHT(AB13,LEN(AB13)-SEARCH(" ",AB13)) | AE13: 15
B14: NET | C14: =C12-C13 | D14: =D12-INT($D$8/18)-IF(D11<=MOD($D$8,18),1,0) | E14: =E12-INT($D$8/18)-IF(E11<=MOD($D$8,18),1,0) | F14: =F12-INT($D$8/18)-IF(F11<=MOD($D$8,18),1,0) | G14: =G12-INT($D$8/18)-IF(G11<=MOD($D$8,18),1,0) | H14: =H12-INT($D$8/18)-IF(H11<=MOD($D$8,18),1,0) | I14: =I12-INT($D$8/18)-IF(I11<=MOD($D$8,18),1,0) | J14: =J12-INT($D$8/18)-IF(J11<=MOD($D$8,18),1,0) | K14: =K12-INT($D$8/18)-IF(K11<=MOD($D$8,18),1,0) | L14: =SUM(C14:K14) | M14: =SUM(C14:K14)-SUM(C$10:K$10) | O14: Back 9 | AA14: 12 | AB14: Mike Rider | AC14: =LEFT(AB14,SEARCH(" ",AB14)-1) | AD14: =RIGHT(AB14,LEN(AB14)-SEARCH(" ",AB14)) | AE14: 22
B15: Wins Hole | C15: =IF(C14<C23,1,0) | D15: =IF(D14<D23,1,0) | E15: =IF(E14<E23,1,0) | F15: =IF(F14<F23,1,0) | G15: =IF(G14<G23,1,0) | H15: =IF(H14<H23,1,0) | I15: =IF(I14<I23,1,0) | J15: =IF(J14<J23,1,0) | K15: =IF(K14<K23,1,0) | O15: Black | P15: 12 | Q15: 2 | R15: 8 | S15: 6 | T15: 18 | U15: 14 | V15: 16 | W15: 10 | X15: 4 | AA15: 19 | AB15: Oscar Velasquez | AC15: =LEFT(AB15,SEARCH(" ",AB15)-1) | AD15: =RIGHT(AB15,LEN(AB15)-SEARCH(" ",AB15)) | AE15: 36
O16: Blue | P16: 12 | Q16: 2 | R16: 8 | S16: 6 | T16: 18 | U16: 14 | V16: 16 | W16: 10 | X16: 4 | AA16: 10 | AB16: Pete Litterini | AC16: =LEFT(AB16,SEARCH(" ",AB16)-1) | AD16: =RIGHT(AB16,LEN(AB16)-SEARCH(" ",AB16)) | AE16: 20
B17: Bruce Dubovecky | C17: Handicap: | D17: =IFERROR(VLOOKUP(B17,$AB$3:$AE$21,4,0),0) | F17: Tees: | G17: Black | I17: Holes: | J17: Front 9 | O17: Blue / White | P17: 12 | Q17: 4 | R17: 10 | S17: 2 | T17: 16 | U17: 14 | V17: 18 | W17: 6 | X17: 8 | AA17: 9 | AB17: Stephen Keeler | AC17: =LEFT(AB17,SEARCH(" ",AB17)-1) | AD17: =RIGHT(AB17,LEN(AB17)-SEARCH(" ",AB17)) | AE17: 15
B18: HOLE | C18: 1 | D18: 2 | E18: 3 | F18: 4 | G18: 5 | H18: 6 | I18: 7 | J18: 8 | K18: 9 | O18: White | P18: 10 | Q18: 4 | R18: 8 | S18: 2 | T18: 16 | U18: 12 | V18: 18 | W18: 14 | X18: 6 | AA18: 1 | AB18: Timothy Hunter | AC18: =LEFT(AB18,SEARCH(" ",AB18)-1) | AD18: =RIGHT(AB18,LEN(AB18)-SEARCH(" ",AB18)) | AE18: 9
B19: PAR | C19: 4 | D19: 5 | E19: 3 | F19: 4 | G19: 5 | H19: 3 | I19: 4 | J19: 4 | K19: 4 | L19: =SUM(C19:K19) | AA19: 3 | AB19: Vince Frasco | AC19: =LEFT(AB19,SEARCH(" ",AB19)-1) | AD19: =RIGHT(AB19,LEN(AB19)-SEARCH(" ",AB19)) | AE19: 13
B20: HC | C20: {=_xlfn.IFS($J17="Back 9",VLOOKUP($G17,$O$15:$X$18,COLUMN()-1,0),$J17="Front 9",VLOOKUP($G17,$O$9:$X$12,COLUMN()-1,0))} | D20: {=_xlfn.IFS($J17="Back 9",VLOOKUP($G17,$O$15:$X$18,COLUMN()-1,0),$J17="Front 9",VLOOKUP($G17,$O$9:$X$12,COLUMN()-1,0))} | E20: {=_xlfn.IFS($J17="Back 9",VLOOKUP($G17,$O$15:$X$18,COLUMN()-1,0),$J17="Front 9",VLOOKUP($G17,$O$9:$X$12,COLUMN()-1,0))} | F20: {=_xlfn.IFS($J17="Back 9",VLOOKUP($G17,$O$15:$X$18,COLUMN()-1,0),$J17="Front 9",VLOOKUP($G17,$O$9:$X$12,COLUMN()-1,0))} | G20: {=_xlfn.IFS($J17="Back 9",VLOOKUP($G17,$O$15:$X$18,COLUMN()-1,0),$J17="Front 9",VLOOKUP($G17,$O$9:$X$12,COLUMN()-1,0))} | H20: {=_xlfn.IFS($J17="Back 9",VLOOKUP($G17,$O$15:$X$18,COLUMN()-1,0),$J17="Front 9",VLOOKUP($G17,$O$9:$X$12,COLUMN()-1,0))} | I20: {=_xlfn.IFS($J17="Back 9",VLOOKUP($G17,$O$15:$X$18,COLUMN()-1,0),$J17="Front 9",VLOOKUP($G17,$O$9:$X$12,COLUMN()-1,0))} | J20: {=_xlfn.IFS($J17="Back 9",VLOOKUP($G17,$O$15:$X$18,COLUMN()-1,0),$J17="Front 9",VLOOKUP($G17,$O$9:$X$12,COLUMN()-1,0))} | K20: {=_xlfn.IFS($J17="Back 9",VLOOKUP($G17,$O$15:$X$18,COLUMN()-1,0),$J17="Front 9",VLOOKUP($G17,$O$9:$X$12,COLUMN()-1,0))} | AA20: 16 | AB20: William Bembenek | AC20: =LEFT(AB20,SEARCH(" ",AB20)-1) | AD20: =RIGHT(AB20,LEN(AB20)-SEARCH(" ",AB20)) | AE20: 27
B21: GROSS | C21: 5 | D21: 6 | E21: 4 | F21: 5 | G21: 6 | H21: 4 | I21: 5 | J21: 5 | K21: 5 | L21: =SUM(C21:K21) | M21: =SUM(C21:K21)-SUM(C$10:K$10) | AA21: 2 | AB21: William Plasket | AC21: =LEFT(AB21,SEARCH(" ",AB21)-1) | AD21: =RIGHT(AB21,LEN(AB21)-SEARCH(" ",AB21)) | AE21: 11
B22: Strokes | C22: 5 | D22: 6 | E22: 4 | F22: 5 | G22: 6 | H22: 4 | I22: 5 | J22: 5 | K22: 5
B23: NET | C23: =C21-C22 | D23: =D21-D22 | E23: =E21-E22 | F23: =F21-F22 | G23: =G21-G22 | H23: =H21-H22 | I23: =I21-I22 | J23: =J21-J22 | K23: =K21-K22 | L23: =SUM(C23:K23) | M23: =SUM(C23:K23)-SUM(C$10:K$10)
B24: Wins Hole | C24: =IF(C23<C14,1,0) | D24: =IF(D23<D14,1,0) | E24: =IF(E23<E14,1,0) | F24: =IF(F23<F14,1,0) | G24: =IF(G23<G14,1,0) | H24: =IF(H23<H14,1,0) | I24: =IF(I23<I14,1,0) | J24: =IF(J23<J14,1,0) | K24: =IF(K23<K14,1,0)

Sheet Calculator
B1: Fill in the course, your name, tees, front/back and gross scores in the grey boxes | J1: Points
B2: Highland Creek | D2: First 3 | E2: Middle 3 | F2: Final 3 | G2: Overall | H2: Net Score | J2: =B8 | L2: =B17
B3: =J2 | C3: Holes Won | D3: =SUM(C15:E15) | E3: =SUM(F15:H15) | F3: =SUM(I15:K15) | G3: =SUM(C15:K15) | H3: =SUM(C14:K14) | J3: =SUM(D4:H4) | L3: =SUM(D6:H6)
C4: PTS | D4: =IF(D3>D5,2,IF(D3=D5,1,0)) | E4: =IF(E3>E5,2,IF(E3=E5,1,0)) | F4: =IF(F3>F5,2,IF(F3=F5,1,0)) | G4: =IF(G3>G5,1,IF(G3=G5,0.5,0)) | H4: =IF(H3<H5,1,IF(H3=H5,0.5,0))
B5: =L2 | C5: Holes Won | D5: =SUM(C24:E24) | E5: =SUM(F24:H24) | F5: =SUM(I24:K24) | G5: =SUM(C24:K24) | H5: =SUM(C23:K23)
C6: PTS | D6: =IF(D5>D3,2,IF(D5=D3,1,0)) | E6: =IF(E5>E3,2,IF(E5=E3,1,0)) | F6: =IF(F5>F3,2,IF(F5=F3,1,0)) | G6: =IF(G5>G3,1,IF(G5=G3,0.5,0)) | H6: =IF(H5<H3,1,IF(H5=H3,0.5,0))
T7: Skybrook | AN7: Highland Creek
B8: Preston Stoner | C8: Handicap: | D8: =_xlfn.XLOOKUP(B8,$P$9:$P$23,$Q$9:$Q$23) | F8: Tees: | G8: Blue | I8: Holes: | J8: Front 9 | O8: # | P8: Name | Q8: Handicap | T8: HC's by Tees | U8: Front 9 | AD8: Back 9 | AN8: HC's by Tees | AO8: Front 9 | AX8: Back 9
B9: HOLE | C9: 1 | D9: 2 | E9: 3 | F9: 4 | G9: 5 | H9: 6 | I9: 7 | J9: 8 | K9: 9 | O9: 1 | P9: Brian Wojcio | Q9: =Schedule!D15 | T9: Blue | U9: 7 | V9: 15 | W9: 5 | X9: 13 | Y9: 3 | Z9: 11 | AA9: 17 | AB9: 9 | AC9: 1 | AD9: Blue | AE9: 4 | AF9: 12 | AG9: 14 | AH9: 6 | AI9: 16 | AJ9: 8 | AK9: 18 | AL9: 2 | AM9: 10 | AN9: Blue | AO9: 7 | AP9: 17 | AQ9: 15 | AR9: 1 | AS9: 11 | AT9: 9 | AU9: 13 | AV9: 5 | AW9: 3 | AX9: Blue | AY9: 14 | AZ9: 8 | BA9: 6 | BB9: 4 | BC9: 16 | BD9: 2 | BE9: 10 | BF9: 12 | BG9: 18
B10: PAR | C10: {=IF($B$2="Skybrook", _xlfn.IFS( $J8="Back 9",INDEX($AE$12:$AM$12,1,C9), $J8="Front 9",INDEX($U$12:$AC$12,1,C9) ), _xlfn.IFS( $J8="Back 9",INDEX($AY$12:$BG$12,1,C9), $J8="Front 9",INDEX($AO$12:$AW$12,1,C9) ) )} | D10: {=IF($B$2="Skybrook", _xlfn.IFS( $J8="Back 9",INDEX($AE$12:$AM$12,1,D9), $J8="Front 9",INDEX($U$12:$AC$12,1,D9) ), _xlfn.IFS( $J8="Back 9",INDEX($AY$12:$BG$12,1,D9), $J8="Front 9",INDEX($AO$12:$AW$12,1,D9) ) )} | E10: {=IF($B$2="Skybrook", _xlfn.IFS( $J8="Back 9",INDEX($AE$12:$AM$12,1,E9), $J8="Front 9",INDEX($U$12:$AC$12,1,E9) ), _xlfn.IFS( $J8="Back 9",INDEX($AY$12:$BG$12,1,E9), $J8="Front 9",INDEX($AO$12:$AW$12,1,E9) ) )} | F10: {=IF($B$2="Skybrook", _xlfn.IFS( $J8="Back 9",INDEX($AE$12:$AM$12,1,F9), $J8="Front 9",INDEX($U$12:$AC$12,1,F9) ), _xlfn.IFS( $J8="Back 9",INDEX($AY$12:$BG$12,1,F9), $J8="Front 9",INDEX($AO$12:$AW$12,1,F9) ) )} | G10: {=IF($B$2="Skybrook", _xlfn.IFS( $J8="Back 9",INDEX($AE$12:$AM$12,1,G9), $J8="Front 9",INDEX($U$12:$AC$12,1,G9) ), _xlfn.IFS( $J8="Back 9",INDEX($AY$12:$BG$12,1,G9), $J8="Front 9",INDEX($AO$12:$AW$12,1,G9) ) )} | H10: {=IF($B$2="Skybrook", _xlfn.IFS( $J8="Back 9",INDEX($AE$12:$AM$12,1,H9), $J8="Front 9",INDEX($U$12:$AC$12,1,H9) ), _xlfn.IFS( $J8="Back 9",INDEX($AY$12:$BG$12,1,H9), $J8="Front 9",INDEX($AO$12:$AW$12,1,H9) ) )} | I10: {=IF($B$2="Skybrook", _xlfn.IFS( $J8="Back 9",INDEX($AE$12:$AM$12,1,I9), $J8="Front 9",INDEX($U$12:$AC$12,1,I9) ), _xlfn.IFS( $J8="Back 9",INDEX($AY$12:$BG$12,1,I9), $J8="Front 9",INDEX($AO$12:$AW$12,1,I9) ) )} | J10: {=IF($B$2="Skybrook", _xlfn.IFS( $J8="Back 9",INDEX($AE$12:$AM$12,1,J9), $J8="Front 9",INDEX($U$12:$AC$12,1,J9) ), _xlfn.IFS( $J8="Back 9",INDEX($AY$12:$BG$12,1,J9), $J8="Front 9",INDEX($AO$12:$AW$12,1,J9) ) )} | K10: {=IF($B$2="Skybrook", _xlfn.IFS( $J8="Back 9",INDEX($AE$12:$AM$12,1,K9), $J8="Front 9",INDEX($U$12:$AC$12,1,K9) ), _xlfn.IFS( $J8="Back 9",INDEX($AY$12:$BG$12,1,K9), $J8="Front 9",INDEX($AO$12:$AW$12,1,K9) ) )} | L10: =SUM(C10:K10) | O10: 2 | P10: Ethan High | Q10: =Schedule!D16 | T10: Green | U10: 7 | V10: 15 | W10: 5 | X10: 13 | Y10: 3 | Z10: 11 | AA10: 17 | AB10: 9 | AC10: 1 | AD10: Green | AE10: 4 | AF10: 12 | AG10: 14 | AH10: 6 | AI10: 16 | AJ10: 8 | AK10: 18 | AL10: 2 | AM10: 10 | AN10: White | AO10: 7 | AP10: 17 | AQ10: 15 | AR10: 1 | AS10: 11 | AT10: 9 | AU10: 13 | AV10: 5 | AW10: 3 | AX10: White | AY10: 14 | AZ10: 8 | BA10: 6 | BB10: 4 | BC10: 16 | BD10: 2 | BE10: 10 | BF10: 12 | BG10: 18
B11: HC | C11: {=IF($B$2="Skybrook", _xlfn.IFS( $J8="Back 9",VLOOKUP($G8,$AD$9:$AM$11,COLUMN()-1,0), $J8="Front 9",VLOOKUP($G8,$T$9:$AC$11,COLUMN()-1,0) ), _xlfn.IFS( $J8="Back 9",VLOOKUP($G8,$AX$9:$BG$11,COLUMN()-1,0), $J8="Front 9",VLOOKUP($G8,$AN$9:$AW$11,COLUMN()-1,0) ) )} | D11: {=IF($B$2="Skybrook", _xlfn.IFS( $J8="Back 9",VLOOKUP($G8,$AD$9:$AM$11,COLUMN()-1,0), $J8="Front 9",VLOOKUP($G8,$T$9:$AC$11,COLUMN()-1,0) ), _xlfn.IFS( $J8="Back 9",VLOOKUP($G8,$AX$9:$BG$11,COLUMN()-1,0), $J8="Front 9",VLOOKUP($G8,$AN$9:$AW$11,COLUMN()-1,0) ) )} | E11: {=IF($B$2="Skybrook", _xlfn.IFS( $J8="Back 9",VLOOKUP($G8,$AD$9:$AM$11,COLUMN()-1,0), $J8="Front 9",VLOOKUP($G8,$T$9:$AC$11,COLUMN()-1,0) ), _xlfn.IFS( $J8="Back 9",VLOOKUP($G8,$AX$9:$BG$11,COLUMN()-1,0), $J8="Front 9",VLOOKUP($G8,$AN$9:$AW$11,COLUMN()-1,0) ) )} | F11: {=IF($B$2="Skybrook", _xlfn.IFS( $J8="Back 9",VLOOKUP($G8,$AD$9:$AM$11,COLUMN()-1,0), $J8="Front 9",VLOOKUP($G8,$T$9:$AC$11,COLUMN()-1,0) ), _xlfn.IFS( $J8="Back 9",VLOOKUP($G8,$AX$9:$BG$11,COLUMN()-1,0), $J8="Front 9",VLOOKUP($G8,$AN$9:$AW$11,COLUMN()-1,0) ) )} | G11: {=IF($B$2="Skybrook", _xlfn.IFS( $J8="Back 9",VLOOKUP($G8,$AD$9:$AM$11,COLUMN()-1,0), $J8="Front 9",VLOOKUP($G8,$T$9:$AC$11,COLUMN()-1,0) ), _xlfn.IFS( $J8="Back 9",VLOOKUP($G8,$AX$9:$BG$11,COLUMN()-1,0), $J8="Front 9",VLOOKUP($G8,$AN$9:$AW$11,COLUMN()-1,0) ) )} | H11: {=IF($B$2="Skybrook", _xlfn.IFS( $J8="Back 9",VLOOKUP($G8,$AD$9:$AM$11,COLUMN()-1,0), $J8="Front 9",VLOOKUP($G8,$T$9:$AC$11,COLUMN()-1,0) ), _xlfn.IFS( $J8="Back 9",VLOOKUP($G8,$AX$9:$BG$11,COLUMN()-1,0), $J8="Front 9",VLOOKUP($G8,$AN$9:$AW$11,COLUMN()-1,0) ) )} | I11: {=IF($B$2="Skybrook", _xlfn.IFS( $J8="Back 9",VLOOKUP($G8,$AD$9:$AM$11,COLUMN()-1,0), $J8="Front 9",VLOOKUP($G8,$T$9:$AC$11,COLUMN()-1,0) ), _xlfn.IFS( $J8="Back 9",VLOOKUP($G8,$AX$9:$BG$11,COLUMN()-1,0), $J8="Front 9",VLOOKUP($G8,$AN$9:$AW$11,COLUMN()-1,0) ) )} | J11: {=IF($B$2="Skybrook", _xlfn.IFS( $J8="Back 9",VLOOKUP($G8,$AD$9:$AM$11,COLUMN()-1,0), $J8="Front 9",VLOOKUP($G8,$T$9:$AC$11,COLUMN()-1,0) ), _xlfn.IFS( $J8="Back 9",VLOOKUP($G8,$AX$9:$BG$11,COLUMN()-1,0), $J8="Front 9",VLOOKUP($G8,$AN$9:$AW$11,COLUMN()-1,0) ) )} | K11: {=IF($B$2="Skybrook", _xlfn.IFS( $J8="Back 9",VLOOKUP($G8,$AD$9:$AM$11,COLUMN()-1,0), $J8="Front 9",VLOOKUP($G8,$T$9:$AC$11,COLUMN()-1,0) ), _xlfn.IFS( $J8="Back 9",VLOOKUP($G8,$AX$9:$BG$11,COLUMN()-1,0), $J8="Front 9",VLOOKUP($G8,$AN$9:$AW$11,COLUMN()-1,0) ) )} | O11: =O10+1 | P11: Rob Bass | Q11: =Schedule!D17 | T11: Red | U11: 17 | V11: 9 | W11: 5 | X11: 7 | Y11: 3 | Z11: 15 | AA11: 11 | AB11: 13 | AC11: 1 | AD11: Red | AE11: 4 | AF11: 10 | AG11: 14 | AH11: 6 | AI11: 16 | AJ11: 12 | AK11: 18 | AL11: 2 | AM11: 8 | AN11: Red | AO11: 7 | AP11: 17 | AQ11: 15 | AR11: 1 | AS11: 11 | AT11: 9 | AU11: 13 | AV11: 5 | AW11: 3 | AX11: Red | AY11: 14 | AZ11: 8 | BA11: 6 | BB11: 4 | BC11: 16 | BD11: 2 | BE11: 10 | BF11: 12 | BG11: 18
B12: GROSS | C12: 7 | D12: 6 | E12: 5 | F12: 7 | G12: 6 | H12: 3 | I12: 7 | J12: 5 | K12: 6 | L12: =SUM(C12:K12) | M12: =SUM(C12:K12)-SUM(C$10:K$10) | O12: 4 | P12: Carson Bass | Q12: =Schedule!D18 | T12: Par | U12: 4 | V12: 3 | W12: 4 | X12: 5 | Y12: 4 | Z12: 4 | AA12: 3 | AB12: 5 | AC12: 4 | AD12: Par | AE12: 4 | AF12: 5 | AG12: 4 | AH12: 4 | AI12: 3 | AJ12: 4 | AK12: 3 | AL12: 4 | AM12: 5 | AN12: Par | AO12: 4 | AP12: 5 | AQ12: 3 | AR12: 4 | AS12: 4 | AT12: 3 | AU12: 5 | AV12: 4 | AW12: 4 | AX12: Par | AY12: 4 | AZ12: 3 | BA12: 5 | BB12: 4 | BC12: 4 | BD12: 4 | BE12: 4 | BF12: 3 | BG12: 5
B13: Strokes | C13: =INT($D$8/18)+IF(C11<=MOD($D$8,18),1,0) | D13: =INT($D$8/18)+IF(D11<=MOD($D$8,18),1,0) | E13: =INT($D$8/18)+IF(E11<=MOD($D$8,18),1,0) | F13: =INT($D$8/18)+IF(F11<=MOD($D$8,18),1,0) | G13: =INT($D$8/18)+IF(G11<=MOD($D$8,18),1,0) | H13: =INT($D$8/18)+IF(H11<=MOD($D$8,18),1,0) | I13: =INT($D$8/18)+IF(I11<=MOD($D$8,18),1,0) | J13: =INT($D$8/18)+IF(J11<=MOD($D$8,18),1,0) | K13: =INT($D$8/18)+IF(K11<=MOD($D$8,18),1,0) | O13: 5 | P13: Michael McHugh | Q13: =Schedule!D19
B14: NET | C14: =C12-C13 | D14: =D12-INT($D$8/18)-IF(D11<=MOD($D$8,18),1,0) | E14: =E12-INT($D$8/18)-IF(E11<=MOD($D$8,18),1,0) | F14: =F12-INT($D$8/18)-IF(F11<=MOD($D$8,18),1,0) | G14: =G12-INT($D$8/18)-IF(G11<=MOD($D$8,18),1,0) | H14: =H12-INT($D$8/18)-IF(H11<=MOD($D$8,18),1,0) | I14: =I12-INT($D$8/18)-IF(I11<=MOD($D$8,18),1,0) | J14: =J12-INT($D$8/18)-IF(J11<=MOD($D$8,18),1,0) | K14: =K12-INT($D$8/18)-IF(K11<=MOD($D$8,18),1,0) | L14: =SUM(C14:K14) | M14: =SUM(C14:K14)-SUM(C$10:K$10) | O14: 6 | P14: Bruce Atkins | Q14: =Schedule!D20
B15: Wins Hole | C15: =IF(C14<C23,1,0) | D15: =IF(D14<D23,1,0) | E15: =IF(E14<E23,1,0) | F15: =IF(F14<F23,1,0) | G15: =IF(G14<G23,1,0) | H15: =IF(H14<H23,1,0) | I15: =IF(I14<I23,1,0) | J15: =IF(J14<J23,1,0) | K15: =IF(K14<K23,1,0) | O15: =O14+1 | P15: Alex Palmer | Q15: =Schedule!D21
O16: 8 | P16: Curtis Lynn | Q16: =Schedule!D22
B17: Charlotte Hayes | C17: Handicap: | D17: =_xlfn.XLOOKUP(B17,$P$9:$P$23,$Q$9:$Q$23) | F17: Tees: | G17: Blue | I17: Holes: | J17: =J8 | O17: 9 | P17: Preston Stoner | Q17: =Schedule!D23
B18: HOLE | C18: 1 | D18: 2 | E18: 3 | F18: 4 | G18: 5 | H18: 6 | I18: 7 | J18: 8 | K18: 9 | O18: 10 | P18: Charlotte Hayes | Q18: =Schedule!D24
B19: PAR | C19: {=IF($B$2="Skybrook", _xlfn.IFS( $J17="Back 9",INDEX($AE$12:$AM$12,1,C18), $J17="Front 9",INDEX($U$12:$AC$12,1,C18) ), _xlfn.IFS( $J17="Back 9",INDEX($AY$12:$BG$12,1,C18), $J17="Front 9",INDEX($AO$12:$AW$12,1,C18) ) )} | D19: {=IF($B$2="Skybrook", _xlfn.IFS( $J17="Back 9",INDEX($AE$12:$AM$12,1,D18), $J17="Front 9",INDEX($U$12:$AC$12,1,D18) ), _xlfn.IFS( $J17="Back 9",INDEX($AY$12:$BG$12,1,D18), $J17="Front 9",INDEX($AO$12:$AW$12,1,D18) ) )} | E19: {=IF($B$2="Skybrook", _xlfn.IFS( $J17="Back 9",INDEX($AE$12:$AM$12,1,E18), $J17="Front 9",INDEX($U$12:$AC$12,1,E18) ), _xlfn.IFS( $J17="Back 9",INDEX($AY$12:$BG$12,1,E18), $J17="Front 9",INDEX($AO$12:$AW$12,1,E18) ) )} | F19: {=IF($B$2="Skybrook", _xlfn.IFS( $J17="Back 9",INDEX($AE$12:$AM$12,1,F18), $J17="Front 9",INDEX($U$12:$AC$12,1,F18) ), _xlfn.IFS( $J17="Back 9",INDEX($AY$12:$BG$12,1,F18), $J17="Front 9",INDEX($AO$12:$AW$12,1,F18) ) )} | G19: {=IF($B$2="Skybrook", _xlfn.IFS( $J17="Back 9",INDEX($AE$12:$AM$12,1,G18), $J17="Front 9",INDEX($U$12:$AC$12,1,G18) ), _xlfn.IFS( $J17="Back 9",INDEX($AY$12:$BG$12,1,G18), $J17="Front 9",INDEX($AO$12:$AW$12,1,G18) ) )} | H19: {=IF($B$2="Skybrook", _xlfn.IFS( $J17="Back 9",INDEX($AE$12:$AM$12,1,H18), $J17="Front 9",INDEX($U$12:$AC$12,1,H18) ), _xlfn.IFS( $J17="Back 9",INDEX($AY$12:$BG$12,1,H18), $J17="Front 9",INDEX($AO$12:$AW$12,1,H18) ) )} | I19: {=IF($B$2="Skybrook", _xlfn.IFS( $J17="Back 9",INDEX($AE$12:$AM$12,1,I18), $J17="Front 9",INDEX($U$12:$AC$12,1,I18) ), _xlfn.IFS( $J17="Back 9",INDEX($AY$12:$BG$12,1,I18), $J17="Front 9",INDEX($AO$12:$AW$12,1,I18) ) )} | J19: {=IF($B$2="Skybrook", _xlfn.IFS( $J17="Back 9",INDEX($AE$12:$AM$12,1,J18), $J17="Front 9",INDEX($U$12:$AC$12,1,J18) ), _xlfn.IFS( $J17="Back 9",INDEX($AY$12:$BG$12,1,J18), $J17="Front 9",INDEX($AO$12:$AW$12,1,J18) ) )} | K19: {=IF($B$2="Skybrook", _xlfn.IFS( $J17="Back 9",INDEX($AE$12:$AM$12,1,K18), $J17="Front 9",INDEX($U$12:$AC$12,1,K18) ), _xlfn.IFS( $J17="Back 9",INDEX($AY$12:$BG$12,1,K18), $J17="Front 9",INDEX($AO$12:$AW$12,1,K18) ) )} | L19: =SUM(C19:K19) | O19: =O18+1 | P19: David Maddox | Q19: =Schedule!D25
B20: HC | C20: {=IF($B$2="Skybrook", _xlfn.IFS( $J17="Back 9",VLOOKUP($G17,$AD$9:$AM$11,COLUMN()-1,0), $J17="Front 9",VLOOKUP($G17,$T$9:$AC$11,COLUMN()-1,0) ), _xlfn.IFS( $J17="Back 9",VLOOKUP($G17,$AX$9:$BG$11,COLUMN()-1,0), $J17="Front 9",VLOOKUP($G17,$AN$9:$AW$11,COLUMN()-1,0) ) )} | D20: {=IF($B$2="Skybrook", _xlfn.IFS( $J17="Back 9",VLOOKUP($G17,$AD$9:$AM$11,COLUMN()-1,0), $J17="Front 9",VLOOKUP($G17,$T$9:$AC$11,COLUMN()-1,0) ), _xlfn.IFS( $J17="Back 9",VLOOKUP($G17,$AX$9:$BG$11,COLUMN()-1,0), $J17="Front 9",VLOOKUP($G17,$AN$9:$AW$11,COLUMN()-1,0) ) )} | E20: {=IF($B$2="Skybrook", _xlfn.IFS( $J17="Back 9",VLOOKUP($G17,$AD$9:$AM$11,COLUMN()-1,0), $J17="Front 9",VLOOKUP($G17,$T$9:$AC$11,COLUMN()-1,0) ), _xlfn.IFS( $J17="Back 9",VLOOKUP($G17,$AX$9:$BG$11,COLUMN()-1,0), $J17="Front 9",VLOOKUP($G17,$AN$9:$AW$11,COLUMN()-1,0) ) )} | F20: {=IF($B$2="Skybrook", _xlfn.IFS( $J17="Back 9",VLOOKUP($G17,$AD$9:$AM$11,COLUMN()-1,0), $J17="Front 9",VLOOKUP($G17,$T$9:$AC$11,COLUMN()-1,0) ), _xlfn.IFS( $J17="Back 9",VLOOKUP($G17,$AX$9:$BG$11,COLUMN()-1,0), $J17="Front 9",VLOOKUP($G17,$AN$9:$AW$11,COLUMN()-1,0) ) )} | G20: {=IF($B$2="Skybrook", _xlfn.IFS( $J17="Back 9",VLOOKUP($G17,$AD$9:$AM$11,COLUMN()-1,0), $J17="Front 9",VLOOKUP($G17,$T$9:$AC$11,COLUMN()-1,0) ), _xlfn.IFS( $J17="Back 9",VLOOKUP($G17,$AX$9:$BG$11,COLUMN()-1,0), $J17="Front 9",VLOOKUP($G17,$AN$9:$AW$11,COLUMN()-1,0) ) )} | H20: {=IF($B$2="Skybrook", _xlfn.IFS( $J17="Back 9",VLOOKUP($G17,$AD$9:$AM$11,COLUMN()-1,0), $J17="Front 9",VLOOKUP($G17,$T$9:$AC$11,COLUMN()-1,0) ), _xlfn.IFS( $J17="Back 9",VLOOKUP($G17,$AX$9:$BG$11,COLUMN()-1,0), $J17="Front 9",VLOOKUP($G17,$AN$9:$AW$11,COLUMN()-1,0) ) )} | I20: {=IF($B$2="Skybrook", _xlfn.IFS( $J17="Back 9",VLOOKUP($G17,$AD$9:$AM$11,COLUMN()-1,0), $J17="Front 9",VLOOKUP($G17,$T$9:$AC$11,COLUMN()-1,0) ), _xlfn.IFS( $J17="Back 9",VLOOKUP($G17,$AX$9:$BG$11,COLUMN()-1,0), $J17="Front 9",VLOOKUP($G17,$AN$9:$AW$11,COLUMN()-1,0) ) )} | J20: {=IF($B$2="Skybrook", _xlfn.IFS( $J17="Back 9",VLOOKUP($G17,$AD$9:$AM$11,COLUMN()-1,0), $J17="Front 9",VLOOKUP($G17,$T$9:$AC$11,COLUMN()-1,0) ), _xlfn.IFS( $J17="Back 9",VLOOKUP($G17,$AX$9:$BG$11,COLUMN()-1,0), $J17="Front 9",VLOOKUP($G17,$AN$9:$AW$11,COLUMN()-1,0) ) )} | K20: {=IF($B$2="Skybrook", _xlfn.IFS( $J17="Back 9",VLOOKUP($G17,$AD$9:$AM$11,COLUMN()-1,0), $J17="Front 9",VLOOKUP($G17,$T$9:$AC$11,COLUMN()-1,0) ), _xlfn.IFS( $J17="Back 9",VLOOKUP($G17,$AX$9:$BG$11,COLUMN()-1,0), $J17="Front 9",VLOOKUP($G17,$AN$9:$AW$11,COLUMN()-1,0) ) )} | O20: 12 | P20: Jerome Martin | Q20: =Schedule!D26
B21: GROSS | C21: 8 | D21: 8 | E21: 5 | F21: 8 | G21: 8 | H21: 6 | I21: 9 | J21: 8 | K21: 8 | L21: =SUM(C21:K21) | M21: =SUM(C21:K21)-SUM(C$10:K$10) | O21: 13 | P21: Kaylan Adams | Q21: =Schedule!D27
B22: Strokes | C22: =INT($D$17/18)+IF(C20<=MOD($D$17,18),1,0) | D22: =INT($D$17/18)+IF(D20<=MOD($D$17,18),1,0) | E22: =INT($D$17/18)+IF(E20<=MOD($D$17,18),1,0) | F22: =INT($D$17/18)+IF(F20<=MOD($D$17,18),1,0) | G22: =INT($D$17/18)+IF(G20<=MOD($D$17,18),1,0) | H22: =INT($D$17/18)+IF(H20<=MOD($D$17,18),1,0) | I22: =INT($D$17/18)+IF(I20<=MOD($D$17,18),1,0) | J22: =INT($D$17/18)+IF(J20<=MOD($D$17,18),1,0) | K22: =INT($D$17/18)+IF(K20<=MOD($D$17,18),1,0) | O22: 14 | P22: Megan Serian | Q22: =Schedule!D28
B23: NET | C23: =C21-C22 | D23: =D21-D22 | E23: =E21-E22 | F23: =F21-F22 | G23: =G21-G22 | H23: =H21-H22 | I23: =I21-I22 | J23: =J21-J22 | K23: =K21-K22 | L23: =SUM(C23:K23) | M23: =SUM(C23:K23)-SUM(C$10:K$10) | O23: 15 | P23: Nick Coglianese | Q23: =Schedule!D29
B24: Wins Hole | C24: =IF(C23<C14,1,0) | D24: =IF(D23<D14,1,0) | E24: =IF(E23<E14,1,0) | F24: =IF(F23<F14,1,0) | G24: =IF(G23<G14,1,0) | H24: =IF(H23<H14,1,0) | I24: =IF(I23<I14,1,0) | J24: =IF(J23<J14,1,0) | K24: =IF(K23<K14,1,0)

Sheet Helper
C2: Skybrook | D2: Highland_Creek
C3: Blue | D3: Blue
C4: Green | D4: White
C5: Red | D5: Red

Sheet Sep 16 - 27th
A1: 2024 Bechtel Golf League Schedule Tee Time
A2: TEE TIME | B2: 45551 | C2: 45552 | D2: 45553 | E2: 45554 | F2: 45555 | G2: 45556 | H2: 45557 | I2: 45558 | J2: 45559 | K2: 45560 | L2: 45561 | M2: 45562
A3: 0.66666667
A4: 0.67361111
A5: 0.68055556 | C5: 10 vs. 16 | D5: 3 vs 5, 4 vs 7
A6: 0.6875 | I6: 8 vs 14
A7: 0.69444444
A8: 0.70138889
A9: 0.70833333
A10: 0.71527778
A11: 0.72222222
A12: 0.72916667
A13: 0.73611111
A14: 0.74305556
A15: 0.75

Sheet Sep 30 - Oct 11
A1: 2024 Bechtel Golf League Schedule Tee Time
A2: TEE TIME | B2: 45565 | C2: 45566 | D2: 45567 | E2: 45568 | F2: 45569 | G2: 45570 | H2: 45571 | I2: 45572 | J2: 45573 | K2: 45574 | L2: 45575 | M2: 45576
A3: 0.65972222 | L3: 7 vs 14, 3 vs 4 (makeup)
A4: 0.66666667
A5: 0.67361111
A6: 0.68055556
A7: 0.6875
A8: 0.69444444
A9: 0.70138889
A10: 0.70833333
A11: 0.71527778
A12: 0.72222222
A13: 0.72916667
A14: 0.73611111
A15: 0.74305556
A16: 0.75

Sheet Oct 14 - 25th
A1: 2024 Bechtel Golf League Schedule Tee Time
A2: TEE TIME | B2: 45579 | C2: 45580 | D2: 45581 | E2: 45582 | F2: 45583 | G2: 45584 | H2: 45585 | I2: 45586 | J2: 45587 | K2: 45588 | L2: 45589 | M2: 45590
A3: 0.65972222 | C3: 10 v 15 (Make-up) | D3: 16 vs 17 | K3: 17 vs. 16
A4: 0.66666667
A5: 0.67361111
A6: 0.68055556
A7: 0.6875
A8: 0.69444444
A9: 0.70138889
A10: 0.70833333
A11: 0.71527778
A12: 0.72222222
A13: 0.72916667
A14: 0.73611111
A15: 0.74305556
A16: 0.75
